Sys. No.,OCLC No.
1827,(OCoLC)2237186
23817,(OCoLC)1390409
26026,(OCoLC)1244185
81560,(OCoLC)5792039
91188,(OCoLC)4765654
93668,(OCoLC)5219183
112442,
115951,(OCoLC)07456084
134608,(OCoLC)8444983
164012,(OCoLC)9684963
261886,(OCoLC)16320090
284863,(OCoLC)18539441
351758,(OCoLC)23812235
366839,(OCoLC)25533061
451998,(OCoLC)33889978
464689,(OCoLC)35899530
485777,(OCoLC)39018164
496790,(OCoLC)40406554
530372,(OCoLC)45874724
615793,(OCoLC)56429065
652906,
734102,(OCoLC)966816302
735452,
735516,
735834,
735882,
736224,
736727,
736739,
736757,
736758,
736761,
736764,
736769,
736773,
740624,
740763,
740785,
771543,
771553,
780149,
780151,
780168,
780208,
780283,(OCoLC)1376020328
780295,
801454,
805661,(OCoLC)775013229
812957,
813307,
813317,
813385,
813388,
813406,
813411,
863615,
868985,(OCoLC)793655506
871645,
890727,(OCoLC)828612246
906188,(OCoLC)855218985
920861,
948072,(OCoLC)914342429
953207,(OCoLC)920471454
955149,(OCoLC)920471310
963283,(OCoLC)933562495
974435,
985577,
989608,
994371,
996839,(OCoLC)960371178
996840,(OCoLC)960369936
1017926,
1021868,(OCoLC)992446473
1027773,(OCoLC)1002858430
1027812,(OCoLC)1002927324
1053311,(OCoLC)1031848197
1061898,(OCoLC)1042243195
1090649,(OCoLC)1096326683
1092311,(OCoLC)1347761686
1094655,(OCoLC)1091192973
1095952,(OCoLC)1277185374
1116959,
1121058,
1151657,
1151911,(OCoLC)1242040709
1163437,(OCoLC)768296135
1163451,(OCoLC)893937991
1163454,(OCoLC)251803042
1163460,(OCoLC)50113083
1163470,(OCoLC)713478906
1163473,(OCoLC)19625188
1163474,(OCoLC)16945798
1163476,(OCoLC)37491409
1163481,(OCoLC)33862247
1163488,(OCoLC)28675932
1163491,(OCoLC)24544715
1166284,(OCoLC)883674511
1168480,(OCoLC)1287941119
1173115,(OCoLC)1298892812
1174226,
1175702,
1175974,
1176411,
1181598,(OCoLC)1362536561
1193125,(OCoLC)1336603627
1194338,(OCoLC)1339089330
1209433,(OCoLC)1360439334
1210474,
1213042,(OCoLC)41675436
1214239,(OCoLC)1374265306
1214319,(OCoLC)40631078
1214834,(OCoLC)17163691
1215015,
1215461,(OCoLC)1377502710
